,item_id,image_name,humour,sarcasm,offensive,motivational,overall_sentiment,image_path,file_name,Politics,Fiction,Education,Animal,Animation,Sports,Social,Technology
0,136,image_2,1,2,1,2,5,./image_data/image_2.jpeg,./image_data/image_2.jpeg,0.0,0.0,0.0,0.0,0.0,0.0,0.0,0.0
1,121,image_4,3,3,3,2,4,./image_data/image_4.png,./image_data/image_4.png,0.0,0.0,0.0,0.0,0.0,0.0,1.0,0.0
2,45,image_6,4,2,2,2,1,./image_data/image_6.jpg,./image_data/image_6.jpg,0.0,0.0,0.0,0.0,0.0,0.0,0.0,1.0
3,128,image_7,1,1,1,1,1,./image_data/image_7.png,./image_data/image_7.png,0.0,0.0,0.0,0.0,0.0,0.0,1.0,0.0
4,91,image_12,1,4,3,1,5,./image_data/image_12.jpg,./image_data/image_12.jpg,1.0,0.0,0.0,0.0,0.0,0.0,0.0,0.0
5,43,image_21,2,2,1,1,3,./image_data/image_21.jpg,./image_data/image_21.jpg,0.0,1.0,0.0,0.0,0.0,0.0,0.0,0.0
6,92,image_31,2,2,2,2,4,./image_data/image_31.jpg,./image_data/image_31.jpg,0.0,1.0,0.0,0.0,0.0,0.0,0.0,0.0
7,30,image_45,2,2,1,1,4,./image_data/image_45.jpeg,./image_data/image_45.jpeg,0.0,1.0,0.0,0.0,0.0,0.0,0.0,0.0
8,217,image_56,1,1,1,1,3,./image_data/image_56.jpg,./image_data/image_56.jpg,0.0,1.0,0.0,0.0,0.0,0.0,0.0,0.0
9,16,image_66,2,3,3,2,4,./image_data/image_66.jpg,./image_data/image_66.jpg,0.0,1.0,0.0,0.0,0.0,0.0,0.0,0.0
10,17,image_92,2,3,1,2,2,./image_data/image_92.jpg,./image_data/image_92.jpg,0.0,0.0,0.0,0.0,0.0,0.0,1.0,0.0
11,161,image_98,3,2,2,2,4,./image_data/image_98.jpg,./image_data/image_98.jpg,0.0,0.0,0.0,0.0,0.0,0.0,1.0,0.0
12,116,image_101,3,2,2,2,4,./image_data/image_101.jpg,./image_data/image_101.jpg,0.0,0.0,0.0,0.0,0.0,0.0,1.0,0.0
13,219,image_113,1,1,1,1,4,./image_data/image_113.jpeg,./image_data/image_113.jpeg,0.0,1.0,0.0,0.0,0.0,0.0,0.0,0.0
14,130,image_161,3,3,2,1,4,./image_data/image_161.jpg,./image_data/image_161.jpg,0.0,1.0,0.0,0.0,0.0,0.0,0.0,0.0
15,33,image_162,2,2,1,1,4,./image_data/image_162.jpg,./image_data/image_162.jpg,0.0,1.0,0.0,0.0,0.0,0.0,0.0,0.0
16,216,image_163,4,3,2,2,4,./image_data/image_163.jpeg,./image_data/image_163.jpeg,0.0,1.0,0.0,0.0,0.0,0.0,0.0,0.0
17,62,image_174,3,2,1,1,4,./image_data/image_174.jpg,./image_data/image_174.jpg,0.0,1.0,0.0,0.0,0.0,0.0,0.0,0.0
18,75,image_175,3,2,1,1,3,./image_data/image_175.jpg,./image_data/image_175.jpg,0.0,1.0,0.0,0.0,0.0,0.0,0.0,0.0
19,84,image_182,3,2,1,1,4,./image_data/image_182.jpg,./image_data/image_182.jpg,0.0,1.0,0.0,0.0,0.0,0.0,0.0,0.0
20,199,image_200,3,2,1,1,4,./image_data/image_200.jpg,./image_data/image_200.jpg,0.0,1.0,0.0,0.0,0.0,0.0,0.0,0.0
21,166,image_253,1,1,1,2,3,./image_data/image_253.jpg,./image_data/image_253.jpg,0.0,1.0,0.0,0.0,0.0,0.0,0.0,0.0
22,143,image_299,1,3,1,1,3,./image_data/image_299.jpg,./image_data/image_299.jpg,0.0,0.0,0.0,0.0,1.0,0.0,0.0,0.0
23,144,image_311,2,3,3,2,5,./image_data/image_311.jpg,./image_data/image_311.jpg,0.0,0.0,0.0,0.0,1.0,0.0,0.0,0.0
24,178,image_316,4,2,3,2,3,./image_data/image_316.jpg,./image_data/image_316.jpg,0.0,1.0,0.0,0.0,0.0,0.0,0.0,0.0
25,48,image_319,3,2,2,1,5,./image_data/image_319.png,./image_data/image_319.png,0.0,0.0,0.0,1.0,0.0,0.0,0.0,0.0
26,119,image_324,3,2,2,1,4,./image_data/image_324.jpg,./image_data/image_324.jpg,0.0,0.0,0.0,1.0,0.0,0.0,0.0,0.0
27,28,image_342,2,2,2,1,4,./image_data/image_342.png,./image_data/image_342.png,0.0,0.0,0.0,0.0,0.0,1.0,0.0,0.0
28,176,image_403,1,3,2,2,4,./image_data/image_403.jpg,./image_data/image_403.jpg,0.0,0.0,0.0,0.0,0.0,0.0,1.0,0.0
29,78,image_462,2,2,1,1,3,./image_data/image_462.jpeg,./image_data/image_462.jpeg,0.0,0.0,0.0,0.0,0.0,0.0,0.0,0.0
30,213,image_640,3,1,1,1,4,./image_data/image_640.jpg,./image_data/image_640.jpg,0.0,0.0,0.0,1.0,0.0,0.0,0.0,0.0
31,127,image_708,2,2,1,1,5,./image_data/image_708.png,./image_data/image_708.png,0.0,1.0,0.0,0.0,0.0,0.0,0.0,0.0
32,183,image_713,3,2,1,1,5,./image_data/image_713.png,./image_data/image_713.png,0.0,0.0,0.0,0.0,0.0,0.0,1.0,0.0
33,205,image_743,1,1,1,1,1,./image_data/image_743.jpg,./image_data/image_743.jpg,0.0,0.0,0.0,0.0,0.0,1.0,0.0,0.0
34,160,image_877,1,4,3,1,1,./image_data/image_877.png,./image_data/image_877.png,0.0,0.0,0.0,0.0,0.0,0.0,1.0,0.0
35,67,image_900,3,2,3,1,4,./image_data/image_900.jpg,./image_data/image_900.jpg,0.0,1.0,0.0,0.0,0.0,0.0,0.0,0.0
36,184,image_982,3,3,3,2,4,./image_data/image_982.jpg,./image_data/image_982.jpg,0.0,1.0,0.0,0.0,0.0,0.0,0.0,0.0
37,169,image_994,2,3,3,2,5,./image_data/image_994.jpg,./image_data/image_994.jpg,1.0,0.0,0.0,0.0,0.0,0.0,0.0,0.0
38,44,image_1143,1,3,3,1,4,./image_data/image_1143.png,./image_data/image_1143.png,0.0,0.0,0.0,0.0,0.0,0.0,1.0,0.0
39,94,image_1167,2,4,3,1,4,./image_data/image_1167.jpeg,./image_data/image_1167.jpeg,0.0,0.0,0.0,0.0,1.0,0.0,0.0,0.0
40,101,image_1196,2,2,2,2,1,./image_data/image_1196.jpg,./image_data/image_1196.jpg,0.0,1.0,0.0,0.0,0.0,0.0,0.0,0.0
41,35,image_1217,2,1,1,1,3,./image_data/image_1217.jpg,./image_data/image_1217.jpg,0.0,0.0,0.0,0.0,0.0,1.0,0.0,0.0
42,23,image_1219,3,2,2,2,4,./image_data/image_1219.jpg,./image_data/image_1219.jpg,0.0,1.0,0.0,0.0,0.0,0.0,0.0,0.0
43,202,image_1266,1,4,3,2,5,./image_data/image_1266.jpg,./image_data/image_1266.jpg,0.0,0.0,0.0,0.0,0.0,0.0,1.0,0.0
44,120,image_1268,1,2,2,2,3,./image_data/image_1268.jpg,./image_data/image_1268.jpg,0.0,0.0,0.0,0.0,1.0,0.0,0.0,0.0
45,3,image_1290,3,3,3,2,3,./image_data/image_1290.jpg,./image_data/image_1290.jpg,0.0,1.0,0.0,0.0,0.0,0.0,0.0,0.0
46,106,image_1291,2,2,2,1,1,./image_data/image_1291.jpg,./image_data/image_1291.jpg,0.0,1.0,0.0,0.0,0.0,0.0,0.0,0.0
47,29,image_1296,2,2,2,1,4,./image_data/image_1296.jpg,./image_data/image_1296.jpg,0.0,0.0,0.0,0.0,0.0,0.0,1.0,0.0
48,174,image_1299,2,4,2,2,3,./image_data/image_1299.jpg,./image_data/image_1299.jpg,0.0,0.0,0.0,0.0,0.0,0.0,1.0,0.0
49,86,image_1302,3,3,3,2,4,./image_data/image_1302.jpeg,./image_data/image_1302.jpeg,0.0,0.0,0.0,1.0,0.0,0.0,0.0,0.0
50,114,image_1306,3,3,3,2,4,./image_data/image_1306.jpg,./image_data/image_1306.jpg,0.0,0.0,0.0,1.0,0.0,0.0,0.0,0.0
51,191,image_1311,1,1,1,1,3,./image_data/image_1311.jpg,./image_data/image_1311.jpg,0.0,0.0,0.0,0.0,0.0,0.0,1.0,0.0
52,96,image_1313,4,2,1,1,4,./image_data/image_1313.jpg,./image_data/image_1313.jpg,0.0,0.0,0.0,1.0,0.0,0.0,0.0,0.0
53,158,image_1314,2,1,1,1,3,./image_data/image_1314.jpg,./image_data/image_1314.jpg,0.0,0.0,0.0,0.0,0.0,0.0,1.0,0.0
54,66,image_1323,2,3,1,1,3,./image_data/image_1323.jpg,./image_data/image_1323.jpg,0.0,0.0,0.0,0.0,0.0,0.0,1.0,0.0
55,53,image_1327,4,2,1,1,4,./image_data/image_1327.jpg,./image_data/image_1327.jpg,0.0,0.0,0.0,0.0,0.0,0.0,1.0,0.0
56,173,image_1331,1,1,1,1,4,./image_data/image_1331.jpg,./image_data/image_1331.jpg,0.0,1.0,0.0,0.0,0.0,0.0,0.0,0.0
57,68,image_1342,2,2,1,1,4,./image_data/image_1342.jpg,./image_data/image_1342.jpg,0.0,0.0,0.0,0.0,0.0,0.0,1.0,0.0
58,198,image_1352,3,2,1,1,4,./image_data/image_1352.jpg,./image_data/image_1352.jpg,0.0,0.0,0.0,0.0,0.0,0.0,1.0,0.0
59,168,image_1391,2,2,2,2,3,./image_data/image_1391.png,./image_data/image_1391.png,0.0,1.0,0.0,0.0,0.0,0.0,0.0,0.0
60,51,image_1449,2,1,1,1,4,./image_data/image_1449.jpeg,./image_data/image_1449.jpeg,0.0,0.0,0.0,0.0,0.0,0.0,1.0,0.0
61,214,image_1481,3,2,1,1,5,./image_data/image_1481.jpg,./image_data/image_1481.jpg,0.0,0.0,0.0,0.0,0.0,0.0,1.0,0.0
62,59,image_1494,2,3,2,2,3,./image_data/image_1494.png,./image_data/image_1494.png,0.0,0.0,0.0,0.0,1.0,0.0,0.0,0.0
63,19,image_1518,3,3,3,2,4,./image_data/image_1518.png,./image_data/image_1518.png,0.0,0.0,0.0,0.0,0.0,0.0,1.0,0.0
64,159,image_1551,3,2,2,2,1,./image_data/image_1551.png,./image_data/image_1551.png,0.0,0.0,0.0,0.0,0.0,0.0,1.0,0.0
65,215,image_1769,3,2,2,1,4,./image_data/image_1769.png,./image_data/image_1769.png,0.0,1.0,0.0,0.0,0.0,0.0,0.0,0.0
66,140,image_2174,3,2,1,1,4,./image_data/image_2174.jpg,./image_data/image_2174.jpg,0.0,1.0,0.0,0.0,0.0,0.0,0.0,0.0
67,195,image_2260,2,2,1,1,4,./image_data/image_2260.png,./image_data/image_2260.png,0.0,1.0,0.0,0.0,0.0,0.0,0.0,0.0
68,74,image_2313,1,3,2,2,4,./image_data/image_2313.jpg,./image_data/image_2313.jpg,1.0,0.0,0.0,0.0,0.0,0.0,0.0,0.0
69,126,image_2488,3,3,1,1,4,./image_data/image_2488.jpg,./image_data/image_2488.jpg,0.0,1.0,0.0,0.0,0.0,0.0,0.0,0.0
70,5,image_2495,2,2,1,1,4,./image_data/image_2495.jpg,./image_data/image_2495.jpg,0.0,1.0,0.0,0.0,0.0,0.0,0.0,0.0
71,71,image_2498,3,2,1,1,3,./image_data/image_2498.jpg,./image_data/image_2498.jpg,0.0,1.0,0.0,0.0,0.0,0.0,0.0,0.0
72,49,image_2503,1,2,4,1,3,./image_data/image_2503.jpg,./image_data/image_2503.jpg,0.0,0.0,0.0,0.0,1.0,0.0,0.0,0.0
73,163,image_2516,2,2,3,2,3,./image_data/image_2516.jpg,./image_data/image_2516.jpg,0.0,0.0,0.0,0.0,1.0,0.0,0.0,0.0
74,179,image_2577,3,1,3,1,4,./image_data/image_2577.jpg,./image_data/image_2577.jpg,0.0,0.0,0.0,0.0,1.0,0.0,0.0,0.0
75,56,image_2592,1,2,1,1,3,./image_data/image_2592.jpg,./image_data/image_2592.jpg,0.0,0.0,0.0,0.0,1.0,0.0,0.0,0.0
76,76,image_2621,3,1,1,1,5,./image_data/image_2621.png,./image_data/image_2621.png,0.0,0.0,0.0,0.0,1.0,0.0,0.0,0.0
77,170,image_2656,3,3,2,1,1,./image_data/image_2656.jpg,./image_data/image_2656.jpg,0.0,0.0,0.0,0.0,1.0,0.0,0.0,0.0
78,93,image_2743,2,1,1,1,4,./image_data/image_2743.JPG,./image_data/image_2743.JPG,0.0,0.0,0.0,0.0,0.0,0.0,1.0,0.0
79,4,image_2770,3,2,2,2,4,./image_data/image_2770.png,./image_data/image_2770.png,1.0,0.0,0.0,0.0,0.0,0.0,0.0,0.0
80,177,image_2936,3,4,3,2,3,./image_data/image_2936.jpeg,./image_data/image_2936.jpeg,0.0,0.0,0.0,1.0,0.0,0.0,0.0,0.0
81,54,image_2938,3,1,1,1,4,./image_data/image_2938.jpg,./image_data/image_2938.jpg,0.0,0.0,0.0,1.0,0.0,0.0,0.0,0.0
82,155,image_2957,1,2,2,2,3,./image_data/image_2957.jpg,./image_data/image_2957.jpg,0.0,0.0,0.0,0.0,0.0,0.0,1.0,0.0
83,146,image_2960,2,2,2,1,5,./image_data/image_2960.png,./image_data/image_2960.png,0.0,0.0,0.0,1.0,0.0,0.0,0.0,0.0
84,175,image_3082,4,3,3,2,4,./image_data/image_3082.jpeg,./image_data/image_3082.jpeg,0.0,0.0,0.0,1.0,0.0,0.0,0.0,0.0
85,7,image_3133,4,3,2,1,3,./image_data/image_3133.jpg,./image_data/image_3133.jpg,0.0,0.0,0.0,1.0,0.0,0.0,0.0,0.0
86,52,image_3180,3,2,2,1,3,./image_data/image_3180.jpg,./image_data/image_3180.jpg,0.0,0.0,0.0,0.0,1.0,0.0,0.0,0.0
87,212,image_3275,3,1,1,1,3,./image_data/image_3275.jpg,./image_data/image_3275.jpg,1.0,0.0,0.0,0.0,0.0,0.0,0.0,0.0
88,14,image_3382,3,2,3,2,4,./image_data/image_3382.jpg,./image_data/image_3382.jpg,1.0,0.0,0.0,0.0,0.0,0.0,0.0,0.0
89,117,image_3422,3,2,2,1,5,./image_data/image_3422.png,./image_data/image_3422.png,0.0,0.0,0.0,0.0,0.0,0.0,1.0,0.0
90,31,image_3424,2,3,1,2,5,./image_data/image_3424.png,./image_data/image_3424.png,0.0,0.0,0.0,0.0,0.0,0.0,1.0,0.0
91,210,image_3461,4,2,1,1,4,./image_data/image_3461.jpg,./image_data/image_3461.jpg,1.0,0.0,0.0,0.0,0.0,0.0,0.0,0.0
92,125,image_3474,4,2,1,1,5,./image_data/image_3474.jpg,./image_data/image_3474.jpg,1.0,0.0,0.0,0.0,0.0,0.0,0.0,0.0
93,187,image_3483,2,3,3,2,4,./image_data/image_3483.jpg,./image_data/image_3483.jpg,1.0,0.0,0.0,0.0,0.0,0.0,0.0,0.0
94,79,image_3486,4,2,2,1,4,./image_data/image_3486.png,./image_data/image_3486.png,1.0,1.0,0.0,0.0,0.0,0.0,0.0,0.0
95,11,image_3492,3,4,2,2,5,./image_data/image_3492.png,./image_data/image_3492.png,1.0,0.0,0.0,0.0,0.0,0.0,0.0,0.0
96,123,image_3494,3,1,1,1,4,./image_data/image_3494.jpg,./image_data/image_3494.jpg,0.0,0.0,0.0,1.0,0.0,0.0,0.0,0.0
97,197,image_3524,2,2,2,2,1,./image_data/image_3524.jpg,./image_data/image_3524.jpg,0.0,0.0,0.0,0.0,0.0,0.0,0.0,0.0
98,22,image_3565,3,2,2,1,2,./image_data/image_3565.jpg,./image_data/image_3565.jpg,0.0,0.0,0.0,0.0,0.0,0.0,1.0,0.0
99,193,image_3586,2,2,1,1,4,./image_data/image_3586.png,./image_data/image_3586.png,0.0,0.0,0.0,1.0,0.0,0.0,0.0,0.0
100,18,image_3604,3,3,3,1,3,./image_data/image_3604.jpeg,./image_data/image_3604.jpeg,0.0,0.0,0.0,0.0,0.0,0.0,1.0,0.0
101,8,image_3666,3,3,3,2,4,./image_data/image_3666.jpg,./image_data/image_3666.jpg,0.0,0.0,0.0,0.0,0.0,0.0,1.0,0.0
102,203,image_3723,3,3,2,2,4,./image_data/image_3723.jpg,./image_data/image_3723.jpg,0.0,1.0,0.0,0.0,0.0,0.0,0.0,0.0
103,111,image_3808,2,2,2,1,4,./image_data/image_3808.jpg,./image_data/image_3808.jpg,0.0,1.0,0.0,0.0,0.0,0.0,0.0,0.0
104,80,image_3810,2,2,3,1,1,./image_data/image_3810.jpg,./image_data/image_3810.jpg,0.0,0.0,0.0,0.0,0.0,1.0,0.0,0.0
105,40,image_3835,2,2,1,1,3,./image_data/image_3835.jpg,./image_data/image_3835.jpg,0.0,0.0,0.0,0.0,0.0,1.0,0.0,0.0
106,148,image_3843,2,2,1,1,3,./image_data/image_3843.jpg,./image_data/image_3843.jpg,0.0,0.0,0.0,0.0,0.0,1.0,0.0,0.0
107,12,image_3969,1,4,1,2,3,./image_data/image_3969.jpeg,./image_data/image_3969.jpeg,0.0,0.0,0.0,1.0,0.0,0.0,0.0,0.0
108,24,image_3994,2,2,1,1,3,./image_data/image_3994.jpg,./image_data/image_3994.jpg,0.0,0.0,0.0,0.0,0.0,0.0,0.0,1.0
109,164,image_4099,2,1,1,1,4,./image_data/image_4099.jpg,./image_data/image_4099.jpg,0.0,0.0,0.0,0.0,0.0,0.0,1.0,0.0
110,201,image_4100,3,2,2,2,3,./image_data/image_4100.jpg,./image_data/image_4100.jpg,1.0,0.0,0.0,0.0,0.0,0.0,0.0,0.0
111,138,image_4105,3,2,2,1,5,./image_data/image_4105.jpeg,./image_data/image_4105.jpeg,0.0,1.0,0.0,0.0,0.0,0.0,0.0,0.0
112,65,image_4114,2,3,2,2,3,./image_data/image_4114.jpg,./image_data/image_4114.jpg,0.0,1.0,0.0,0.0,0.0,0.0,0.0,0.0
113,208,image_4148,2,2,2,2,4,./image_data/image_4148.jpg,./image_data/image_4148.jpg,0.0,0.0,0.0,1.0,0.0,0.0,0.0,0.0
114,97,image_4159,2,2,2,1,3,./image_data/image_4159.jpg,./image_data/image_4159.jpg,0.0,1.0,0.0,0.0,0.0,0.0,0.0,0.0
115,124,image_4171,3,1,1,2,3,./image_data/image_4171.jpg,./image_data/image_4171.jpg,0.0,0.0,0.0,0.0,0.0,0.0,0.0,1.0
116,162,image_4176,3,1,1,1,4,./image_data/image_4176.jpg,./image_data/image_4176.jpg,0.0,0.0,0.0,0.0,1.0,0.0,0.0,0.0
117,112,image_4188,3,3,2,2,5,./image_data/image_4188.jpg,./image_data/image_4188.jpg,0.0,0.0,0.0,0.0,1.0,0.0,0.0,0.0
118,38,image_4266,4,2,4,2,1,./image_data/image_4266.jpg,./image_data/image_4266.jpg,0.0,0.0,0.0,0.0,0.0,0.0,0.0,0.0
119,134,image_4313,2,2,2,2,3,./image_data/image_4313.jpg,./image_data/image_4313.jpg,0.0,1.0,0.0,0.0,0.0,0.0,0.0,0.0
120,122,image_4331,2,2,3,1,4,./image_data/image_4331.jpg,./image_data/image_4331.jpg,0.0,0.0,0.0,0.0,1.0,0.0,0.0,0.0
121,109,image_4334,1,3,2,1,5,./image_data/image_4334.jpg,./image_data/image_4334.jpg,0.0,1.0,0.0,0.0,0.0,0.0,0.0,0.0
122,207,image_4347,3,3,1,1,4,./image_data/image_4347.jpeg,./image_data/image_4347.jpeg,0.0,0.0,1.0,0.0,0.0,0.0,0.0,0.0
123,25,image_4370,1,2,2,2,4,./image_data/image_4370.jpg,./image_data/image_4370.jpg,0.0,0.0,0.0,0.0,0.0,0.0,1.0,0.0
124,73,image_4400,4,2,2,2,4,./image_data/image_4400.jpg,./image_data/image_4400.jpg,0.0,0.0,0.0,0.0,0.0,0.0,1.0,0.0
125,107,image_4463,3,3,3,2,5,./image_data/image_4463.jpeg,./image_data/image_4463.jpeg,0.0,0.0,0.0,0.0,0.0,0.0,0.0,0.0
126,57,image_4522,3,2,3,2,5,./image_data/image_4522.jpg,./image_data/image_4522.jpg,0.0,0.0,0.0,1.0,0.0,0.0,0.0,0.0
127,152,image_4526,3,2,1,1,3,./image_data/image_4526.jpg,./image_data/image_4526.jpg,1.0,0.0,0.0,0.0,0.0,0.0,0.0,0.0
128,10,image_4527,4,3,4,2,4,./image_data/image_4527.jpg,./image_data/image_4527.jpg,0.0,0.0,0.0,0.0,1.0,0.0,0.0,0.0
129,209,image_4562,3,2,3,2,4,./image_data/image_4562.jpg,./image_data/image_4562.jpg,0.0,1.0,0.0,0.0,0.0,0.0,0.0,0.0
130,36,image_4602,2,2,1,1,3,./image_data/image_4602.jpeg,./image_data/image_4602.jpeg,0.0,0.0,0.0,0.0,0.0,0.0,1.0,0.0
131,27,image_4617,3,2,2,1,3,./image_data/image_4617.jpg,./image_data/image_4617.jpg,0.0,0.0,0.0,1.0,0.0,0.0,0.0,0.0
132,167,image_4627,3,1,1,1,3,./image_data/image_4627.jpg,./image_data/image_4627.jpg,0.0,0.0,0.0,0.0,1.0,0.0,0.0,0.0
133,82,image_4635,2,2,4,1,3,./image_data/image_4635.jpg,./image_data/image_4635.jpg,0.0,1.0,0.0,0.0,0.0,0.0,0.0,0.0
134,69,image_4762,3,2,2,2,4,./image_data/image_4762.jpg,./image_data/image_4762.jpg,0.0,0.0,0.0,0.0,0.0,0.0,1.0,0.0
135,63,image_4870,2,2,2,2,3,./image_data/image_4870.jpg,./image_data/image_4870.jpg,0.0,0.0,0.0,0.0,1.0,0.0,0.0,0.0
136,20,image_4881,4,1,2,1,5,./image_data/image_4881.jpg,./image_data/image_4881.jpg,0.0,0.0,0.0,1.0,0.0,0.0,0.0,0.0
137,129,image_4906,3,2,2,1,4,./image_data/image_4906.jpeg,./image_data/image_4906.jpeg,0.0,1.0,0.0,0.0,0.0,0.0,0.0,0.0
138,113,image_4910,3,2,4,1,3,./image_data/image_4910.jpg,./image_data/image_4910.jpg,0.0,1.0,0.0,0.0,0.0,0.0,0.0,0.0
139,189,image_4967,2,3,1,2,4,./image_data/image_4967.jpg,./image_data/image_4967.jpg,1.0,0.0,0.0,0.0,0.0,0.0,0.0,0.0
140,156,image_4977,4,3,3,2,4,./image_data/image_4977.jpg,./image_data/image_4977.jpg,0.0,1.0,0.0,0.0,0.0,0.0,0.0,0.0
141,103,image_5012,1,1,1,1,3,./image_data/image_5012.jpg,./image_data/image_5012.jpg,0.0,0.0,0.0,0.0,0.0,0.0,1.0,0.0
142,41,image_5073,3,2,1,1,4,./image_data/image_5073.jpg,./image_data/image_5073.jpg,0.0,1.0,0.0,0.0,0.0,0.0,0.0,0.0
143,151,image_5120,2,1,1,1,3,./image_data/image_5120.jpg,./image_data/image_5120.jpg,1.0,0.0,0.0,0.0,0.0,0.0,0.0,0.0
144,102,image_5137,3,3,3,2,4,./image_data/image_5137.jpg,./image_data/image_5137.jpg,0.0,1.0,0.0,0.0,0.0,0.0,0.0,0.0
145,204,image_5173,2,3,3,1,3,./image_data/image_5173.jpg,./image_data/image_5173.jpg,0.0,1.0,0.0,0.0,0.0,0.0,0.0,0.0
146,137,image_5195,2,2,2,2,3,./image_data/image_5195.jpg,./image_data/image_5195.jpg,0.0,0.0,0.0,1.0,0.0,0.0,0.0,0.0
147,58,image_5200,3,3,3,2,5,./image_data/image_5200.jpg,./image_data/image_5200.jpg,0.0,1.0,0.0,0.0,0.0,0.0,0.0,0.0
148,2,image_5204,4,3,1,2,4,./image_data/image_5204.jpg,./image_data/image_5204.jpg,0.0,0.0,0.0,0.0,0.0,0.0,1.0,0.0
149,196,image_5208,1,1,1,2,4,./image_data/image_5208.jpg,./image_data/image_5208.jpg,0.0,0.0,0.0,0.0,0.0,0.0,1.0,0.0
150,165,image_5211,2,3,2,2,4,./image_data/image_5211.jpeg,./image_data/image_5211.jpeg,1.0,0.0,0.0,0.0,0.0,0.0,0.0,0.0
151,185,image_5258,3,2,2,2,5,./image_data/image_5258.jpg,./image_data/image_5258.jpg,0.0,1.0,0.0,0.0,0.0,0.0,0.0,0.0
152,88,image_5271,1,2,1,1,3,./image_data/image_5271.png,./image_data/image_5271.png,0.0,0.0,0.0,1.0,0.0,0.0,0.0,0.0
153,21,image_5289,3,3,3,1,3,./image_data/image_5289.jpg,./image_data/image_5289.jpg,0.0,0.0,0.0,0.0,1.0,0.0,0.0,0.0
154,105,image_5299,1,4,3,1,4,./image_data/image_5299.jpg,./image_data/image_5299.jpg,0.0,1.0,0.0,0.0,0.0,0.0,0.0,0.0
155,6,image_5314,3,2,1,1,4,./image_data/image_5314.jpg,./image_data/image_5314.jpg,0.0,1.0,0.0,0.0,0.0,0.0,0.0,0.0
156,100,image_5319,3,3,3,2,5,./image_data/image_5319.jpg,./image_data/image_5319.jpg,0.0,0.0,0.0,0.0,1.0,0.0,0.0,0.0
157,181,image_5392,3,3,2,1,3,./image_data/image_5392.png,./image_data/image_5392.png,0.0,1.0,0.0,0.0,0.0,0.0,0.0,0.0
158,131,image_5396,2,3,3,1,3,./image_data/image_5396.png,./image_data/image_5396.png,0.0,1.0,0.0,0.0,0.0,0.0,0.0,0.0
159,147,image_5397,1,1,1,1,3,./image_data/image_5397.jpg,./image_data/image_5397.jpg,0.0,1.0,0.0,0.0,0.0,0.0,0.0,0.0
160,34,image_5397,1,1,1,1,3,./image_data/image_5397.jpg,./image_data/image_5397.jpg,0.0,1.0,0.0,0.0,0.0,0.0,0.0,0.0
161,186,image_5399,1,2,2,2,5,./image_data/image_5399.png,./image_data/image_5399.png,0.0,0.0,0.0,0.0,0.0,0.0,1.0,0.0
162,220,image_5410,2,2,1,1,4,./image_data/image_5410.png,./image_data/image_5410.png,0.0,1.0,0.0,0.0,0.0,0.0,0.0,0.0
163,64,image_5416,3,2,2,2,4,./image_data/image_5416.jpg,./image_data/image_5416.jpg,0.0,0.0,0.0,0.0,1.0,0.0,0.0,0.0
164,150,image_5443,3,2,1,1,5,./image_data/image_5443.jpg,./image_data/image_5443.jpg,1.0,0.0,0.0,0.0,0.0,0.0,0.0,0.0
165,145,image_5562,3,2,2,1,4,./image_data/image_5562.jpg,./image_data/image_5562.jpg,0.0,0.0,0.0,0.0,0.0,0.0,1.0,0.0
166,192,image_5575,1,1,1,1,3,./image_data/image_5575.jpeg,./image_data/image_5575.jpeg,0.0,0.0,0.0,0.0,0.0,0.0,0.0,0.0
167,9,image_5576,2,2,1,1,4,./image_data/image_5576.jpg,./image_data/image_5576.jpg,0.0,0.0,0.0,0.0,0.0,0.0,1.0,0.0
168,46,image_5593,1,2,2,2,4,./image_data/image_5593.jpg,./image_data/image_5593.jpg,1.0,0.0,0.0,0.0,0.0,0.0,0.0,0.0
169,85,image_5594,1,1,1,1,4,./image_data/image_5594.jpg,./image_data/image_5594.jpg,0.0,1.0,0.0,0.0,0.0,0.0,0.0,0.0
170,95,image_5616,4,1,3,2,4,./image_data/image_5616.jpg,./image_data/image_5616.jpg,0.0,1.0,0.0,0.0,0.0,0.0,0.0,0.0
171,110,image_5659,2,2,1,1,3,./image_data/image_5659.jpg,./image_data/image_5659.jpg,0.0,0.0,0.0,1.0,0.0,0.0,0.0,0.0
172,190,image_5668,2,3,1,2,4,./image_data/image_5668.jpg,./image_data/image_5668.jpg,0.0,1.0,0.0,0.0,0.0,0.0,0.0,0.0
173,132,image_5687,2,2,2,1,4,./image_data/image_5687.jpg,./image_data/image_5687.jpg,1.0,0.0,0.0,0.0,0.0,0.0,0.0,0.0
174,108,image_5708,3,2,1,1,4,./image_data/image_5708.jpg,./image_data/image_5708.jpg,0.0,0.0,0.0,0.0,0.0,1.0,0.0,0.0
175,42,image_5746,2,3,2,2,4,./image_data/image_5746.jpg,./image_data/image_5746.jpg,0.0,0.0,0.0,0.0,1.0,0.0,0.0,0.0
176,206,image_5762,1,2,2,1,3,./image_data/image_5762.jpg,./image_data/image_5762.jpg,0.0,0.0,0.0,0.0,1.0,0.0,0.0,0.0
177,188,image_5780,2,1,3,1,4,./image_data/image_5780.jpg,./image_data/image_5780.jpg,0.0,1.0,0.0,0.0,0.0,0.0,0.0,0.0
178,61,image_5781,2,2,1,1,3,./image_data/image_5781.jpg,./image_data/image_5781.jpg,0.0,0.0,0.0,0.0,1.0,0.0,0.0,0.0
179,194,image_5800,4,2,1,2,3,./image_data/image_5800.jpg,./image_data/image_5800.jpg,0.0,1.0,0.0,0.0,0.0,0.0,0.0,0.0
180,99,image_5850,2,3,2,2,4,./image_data/image_5850.jpg,./image_data/image_5850.jpg,0.0,1.0,0.0,0.0,0.0,0.0,0.0,0.0
181,211,image_5857,1,2,1,1,3,./image_data/image_5857.jpg,./image_data/image_5857.jpg,0.0,0.0,0.0,1.0,0.0,0.0,0.0,0.0
182,200,image_5864,2,3,3,2,4,./image_data/image_5864.jpg,./image_data/image_5864.jpg,1.0,0.0,0.0,0.0,0.0,0.0,0.0,0.0
183,115,image_5947,1,2,3,2,4,./image_data/image_5947.png,./image_data/image_5947.png,1.0,0.0,0.0,0.0,0.0,0.0,0.0,0.0
184,180,image_5950,2,2,2,1,3,./image_data/image_5950.jpg,./image_data/image_5950.jpg,1.0,0.0,0.0,0.0,0.0,0.0,0.0,0.0
185,87,image_5951,2,1,1,2,4,./image_data/image_5951.jpg,./image_data/image_5951.jpg,0.0,0.0,0.0,1.0,0.0,0.0,0.0,0.0
186,154,image_6004,1,1,2,1,3,./image_data/image_6004.jpg,./image_data/image_6004.jpg,0.0,0.0,0.0,0.0,1.0,0.0,0.0,0.0
187,60,image_6066,2,2,3,1,4,./image_data/image_6066.jpg,./image_data/image_6066.jpg,0.0,0.0,0.0,0.0,0.0,0.0,1.0,0.0
188,90,image_6111,1,4,3,1,4,./image_data/image_6111.png,./image_data/image_6111.png,0.0,1.0,0.0,0.0,0.0,0.0,0.0,0.0
189,55,image_6161,2,2,3,1,3,./image_data/image_6161.jpg,./image_data/image_6161.jpg,0.0,0.0,0.0,1.0,0.0,0.0,0.0,0.0
190,135,image_6163,3,2,4,1,5,./image_data/image_6163.jpg,./image_data/image_6163.jpg,0.0,0.0,0.0,1.0,0.0,0.0,0.0,0.0
191,83,image_6176,3,2,2,2,4,./image_data/image_6176.jpg,./image_data/image_6176.jpg,0.0,0.0,0.0,1.0,0.0,0.0,0.0,0.0
192,89,image_6209,1,2,1,1,4,./image_data/image_6209.jpg,./image_data/image_6209.jpg,0.0,0.0,0.0,0.0,0.0,0.0,1.0,0.0
193,139,image_6262,2,2,2,2,1,./image_data/image_6262.jpg,./image_data/image_6262.jpg,0.0,0.0,0.0,0.0,0.0,0.0,1.0,0.0
194,172,image_6339,2,1,1,1,3,./image_data/image_6339.jpg,./image_data/image_6339.jpg,0.0,0.0,0.0,0.0,0.0,0.0,1.0,0.0
195,77,image_6348,3,2,1,1,4,./image_data/image_6348.jpg,./image_data/image_6348.jpg,0.0,0.0,0.0,0.0,0.0,0.0,1.0,0.0
196,157,image_6387,2,2,3,1,2,./image_data/image_6387.png,./image_data/image_6387.png,0.0,1.0,0.0,0.0,0.0,0.0,0.0,0.0
197,153,image_6401,3,2,2,2,3,./image_data/image_6401.jpg,./image_data/image_6401.jpg,0.0,0.0,0.0,0.0,0.0,0.0,1.0,0.0
198,32,image_6405,2,2,2,2,5,./image_data/image_6405.jpg,./image_data/image_6405.jpg,0.0,1.0,0.0,0.0,0.0,0.0,0.0,0.0
199,171,image_6409,3,2,1,1,3,./image_data/image_6409.jpg,./image_data/image_6409.jpg,0.0,1.0,0.0,0.0,0.0,0.0,0.0,0.0
200,1,image_6414,2,2,2,1,5,./image_data/image_6414.jpg,./image_data/image_6414.jpg,0.0,1.0,0.0,0.0,1.0,0.0,0.0,0.0
201,133,image_6464,1,4,3,1,4,./image_data/image_6464.png,./image_data/image_6464.png,0.0,0.0,0.0,1.0,0.0,0.0,0.0,0.0
202,70,image_6521,1,2,2,2,4,./image_data/image_6521.png,./image_data/image_6521.png,1.0,0.0,0.0,0.0,0.0,0.0,0.0,0.0
203,141,image_6547,1,4,3,1,4,./image_data/image_6547.png,./image_data/image_6547.png,0.0,0.0,0.0,0.0,0.0,0.0,1.0,0.0
204,13,image_6587,1,2,2,2,4,./image_data/image_6587.jpg,./image_data/image_6587.jpg,0.0,1.0,0.0,0.0,0.0,0.0,0.0,0.0
205,81,image_6719,3,1,1,1,4,./image_data/image_6719.png,./image_data/image_6719.png,0.0,0.0,0.0,0.0,1.0,0.0,0.0,0.0
206,98,image_6722,1,2,2,2,3,./image_data/image_6722.jpg,./image_data/image_6722.jpg,0.0,0.0,0.0,0.0,0.0,0.0,1.0,0.0
207,37,image_6773,1,1,1,1,3,./image_data/image_6773.jpg,./image_data/image_6773.jpg,1.0,0.0,0.0,0.0,0.0,0.0,0.0,0.0
208,118,image_6781,3,4,4,2,4,./image_data/image_6781.jpg,./image_data/image_6781.jpg,1.0,0.0,0.0,0.0,0.0,0.0,0.0,0.0
209,104,image_6806,3,2,1,1,4,./image_data/image_6806.jpg,./image_data/image_6806.jpg,0.0,0.0,0.0,0.0,0.0,0.0,0.0,1.0
210,15,image_6824,3,2,3,2,5,./image_data/image_6824.jpeg,./image_data/image_6824.jpeg,0.0,0.0,0.0,0.0,1.0,0.0,0.0,0.0
211,47,image_6846,2,2,3,2,3,./image_data/image_6846.jpg,./image_data/image_6846.jpg,0.0,0.0,1.0,0.0,0.0,0.0,0.0,0.0
212,26,image_6893,4,4,3,1,2,./image_data/image_6893.jpg,./image_data/image_6893.jpg,0.0,1.0,0.0,0.0,0.0,0.0,0.0,0.0
213,72,image_6894,2,4,3,1,4,./image_data/image_6894.jpg,./image_data/image_6894.jpg,0.0,1.0,0.0,0.0,0.0,0.0,0.0,0.0
214,142,image_6921,1,3,2,2,3,./image_data/image_6921.jpg,./image_data/image_6921.jpg,0.0,1.0,0.0,0.0,0.0,0.0,0.0,0.0
215,218,image_6948,2,2,3,1,4,./image_data/image_6948.jpg,./image_data/image_6948.jpg,0.0,0.0,0.0,0.0,0.0,0.0,1.0,0.0
216,50,image_6985,2,3,4,1,5,./image_data/image_6985.jpg,./image_data/image_6985.jpg,0.0,1.0,0.0,0.0,0.0,0.0,0.0,0.0
217,149,image_6986,1,1,1,1,3,./image_data/image_6986.jpg,./image_data/image_6986.jpg,0.0,0.0,1.0,0.0,0.0,0.0,0.0,0.0
218,39,image_6991,1,3,1,2,5,./image_data/image_6991.jpg,./image_data/image_6991.jpg,0.0,0.0,1.0,0.0,0.0,0.0,0.0,0.0
219,182,image_6992,1,1,1,2,4,./image_data/image_6992.jpg,./image_data/image_6992.jpg,0.0,0.0,1.0,0.0,0.0,0.0,0.0,0.0
